"0","install.packages(""reshape2"") "
"1","Error in "
"1",""
"1","install.packages"
"1",""
"1"," : "
"1",""
"1","Updating loaded packages"
"1",""
"1","
"
"0","install.packages(""reshape"")"
"1","Error in "
"1",""
"1","install.packages"
"1",""
"1"," : "
"1",""
"1","Updating loaded packages"
"1",""
"1","
"
"0","install.packages(""nycflights13"")"
"1","Error in "
"1",""
"1","install.packages"
"1",""
"1"," : "
"1",""
"1","Updating loaded packages"
"1",""
"1","
"
"0","library(tidyr)"
"0","library(MASS) "
"0","library(reshape2) "
"0","library(reshape)"
"0","library(Hmisc)"
"0","library(psych)"
"0","library(ggpubr)"
"0","library(readr)"
"0","library(tibble)"
"0","library(dplyr) "
"0","library(magrittr)"
"0","library(lubridate)"
"0","library(nycflights13)"
